nom;domaine;categorie
Amundi;amundi.com;am
AXA IM;axa-im.com;am
BNP Paribas AM;bnpparibas-am.com;am
Ostrum AM;ostrum.com;am
DNCA Finance;dnca-investments.com;am
Mirova;mirova.com;am
Candriam;candriam.com;am
Carmignac;carmignac.com;am
La Financiere de l Echiquier;lfde.com;am
LBP AM;lbpam.com;am
Groupama AM;groupama-am.com;am
CPR AM;cpr-am.com;am
Sycomore AM;sycomore-am.com;am
Comgest;comgest.com;am
Lazard Freres Gestion;lazardfreresgestion.fr;am
Rothschild & Co AM;am.eu.rothschildandco.com;am
Montpensier Finance;montpensier.com;am
Meeschaert;meeschaert.com;am
Tikehau Capital;tikehaucapital.com;am
Ardian;ardian.com;am
Eurazeo;eurazeo.com;am
Swiss Life AM;swisslife-am.com;am
Allianz Global Investors;allianzgi.com;am
DWS;dws.com;am
Union Investment;union-investment.com;am
Deka;deka.de;am
Robeco;robeco.com;am
Goldman Sachs AM;gsam.com;am
BlackRock;blackrock.com;am
Vanguard;vanguard.com;am
Fidelity International;fidelityinternational.com;am
Schroders;schroders.com;am
abrdn;abrdn.com;am
Janus Henderson;janushenderson.com;am
Invesco;invesco.com;am
Franklin Templeton;franklintempleton.com;am
T Rowe Price;troweprice.com;am
Capital Group;capitalgroup.com;am
PIMCO;pimco.com;am
Wellington Management;wellington.com;am
MFS;mfs.com;am
Nordea AM;nordea.com;am
Pictet AM;group.pictet;am
GAM;gam.com;am
Man Group;man.com;am
Baillie Gifford;bailliegifford.com;am
M&G;mandg.com;am
Jupiter AM;jupiteram.com;am
Ninety One;ninetyone.com;am
Columbia Threadneedle;columbiathreadneedle.com;am
Neuberger Berman;nb.com;am
PGIM;pgim.com;am
Federated Hermes;federatedhermes.com;am
Eastspring;eastspring.com;am
First Sentier;firstsentierinvestors.com;am
UBS;ubs.com;wm
Julius Baer;juliusbaer.com;wm
Pictet;group.pictet;wm
Lombard Odier;lombardodier.com;wm
Mirabaud;mirabaud.com;wm
Bordier;bordier.com;wm
UBP;ubp.com;wm
Banque Syz;syzgroup.com;wm
REYL;reyl.com;wm
Vontobel;vontobel.com;wm
Safra Sarasin;jsafrasarasin.com;wm
EFG International;efginternational.com;wm
Edmond de Rothschild;edmond-de-rothschild.com;wm
Rothschild & Co;rothschildandco.com;wm
BNP Paribas;group.bnpparibas;wm
Societe Generale;societegenerale.com;wm
CA Indosuez;ca-indosuez.com;wm
Milleis Banque;milleis.fr;wm
Neuflize OBC;neuflizeobc.fr;wm
Oddo BHF;oddo-bhf.com;wm
Degroof Petercam;degroofpetercam.com;wm
Quintet Puilaetco;quintet.com;wm
Banque de Luxembourg;banquedeluxembourg.com;wm
BIL;bil.com;wm
Delen Private Bank;delen.bank;wm
Citi;citigroup.com;wm
JPMorgan;jpmorganchase.com;wm
Goldman Sachs;goldmansachs.com;wm
Morgan Stanley;morganstanley.com;wm
HSBC;hsbc.com;wm
Barclays;barclays.com;wm
Deutsche Bank;db.com;wm
Bank of Singapore;bankofsingapore.com;wm
DBS;dbs.com;wm
OCBC;ocbc.com;wm
UOB;uobgroup.com;wm
Standard Chartered;sc.com;wm
AXA;axa.com;assurance
Allianz;allianz.com;assurance
Generali;generali.com;assurance
CNP Assurances;cnp.fr;assurance
Covea;covea.eu;assurance
Groupama;groupama.com;assurance
Macif;macif.fr;assurance
MAIF;maif.fr;assurance
Matmut;matmut.fr;assurance
Swiss Life;swisslife.fr;assurance
Abeille Assurances;abeille-assurances.fr;assurance
BNP Paribas Cardif;bnpparibascardif.com;assurance
Zurich;zurich.com;assurance
SCOR;scor.com;assurance
Munich Re;munichre.com;assurance
Swiss Re;swissre.com;assurance
Ageas;ageas.com;assurance
NN Group;nn-group.com;assurance
Athora;athora.com;assurance
Lombard International;lombardinternational.com;assurance
Utmost;utmostinternational.com;assurance
Wealins;wealins.com;assurance
Vitis Life;vitislife.com;assurance
OneLife;onelife.com;assurance
Manulife;manulife.com;assurance
Sun Life;sunlife.com;assurance
Canada Life;canadalife.com;assurance
AIA;aia.com;assurance
Prudential plc;prudentialplc.com;assurance
FWD;fwd.com;assurance
